Copies	Nickname	card_background	card_background style	Name	Name style	Bonus Traits
1			"{outlineColor:rgba(242, 13, 175, 1)}"	C.A.R.C.A.S.S.  B onus T raits	"{color:rgba(242, 13, 175, 1)}"	<ul><li>**Bone Wall:** You can use your units as cover. While in cover your attacks gain +1 range.</li><li>**Gun Kata:** All ranged attacks gain a minimum range of 1 and push units 1 on hit if they are adjacent</li><li>**Clutch Reload:** Your ranged attacks gain headshot: reload</li></ul>
1			"{outlineColor:rgba(255, 120, 41, 1)}"	G oregrinders  B onus T raits	"{color:rgba(255, 120, 41, 1)}"	"<ul><li>**Nerve Twitch:** At 3 hp or lower, DF increases to 5+.</li><li>**Blood Drinker:** Slaying a unit clears two negative tokens.</li><li>**Blood Rush:** At 3 hp or lower, gain retaliation.</li></ul>"
1			"{outlineColor:rgba(41, 255, 60, 1)}"	G argamox  B onus T raits	"{color:rgba(41, 255, 60, 1)}"	"<ul><li>**Pollution shroud:** While standing in a hazard, you have cover from all directions and are *curseproof.*</li><li>**Corruptor:*** *After you MOVE, create a hazard in an adjacent space.</li><li>**Spreader:** Infect abilities that you use or that target you may jump an extra time.</li></ul>"
1			"{outlineColor:rgba(145, 255, 239, 1)}"	D eadsouls  B onus T raits	"{color:rgba(145, 255, 239, 1)}"	"<ul><li>**Teleport:** When MOVEing the second time or more in a turn, can remove this unit from the battlefield and place it in any free space in range 4, then clear a token.</li><li>**Puppet Master:** May use body block from within range 2 instead of adjacent.</li><li>**Maggot Destroyer:** +1D on attacks against Doomed units</li></ul>"
1			"{outlineColor:rgba(255, 201, 59, 1)}"	A bhorrer  B onus T raits	"{color:rgba(255, 201, 59, 1)}"	<ul><li>**Winter Rose Stance:** *Stance: (Round 3+): *Attacks gain +1D</li><li>**Corpse Violet Stance: **Stance:* (Round 3+):* Gain either physical or magical armor (choose).</li><li>**Royal Chrysanthemum Stance:** *Stance* *(Round 3+): *May step 2 either before or after ACTing.</li></ul>
1			"{outlineColor:rgba(159, 0, 255, 1)}"	Igorri  B onus T raits	"{color:rgba(159, 0, 255, 1)}"	"<ul><li>**Accelerate Evolution:** At turn end, may remove one token from this unit and grant to a unit in range 2.</li><li>**Rapid Move:** May remove a mutation token at start or end of own turn to step 2 with free movement.</li><li>**Ancillary Limbs:** May remove a mutation token on self to grant +1D on any attack.</li></ul>"
1			"{outlineColor:rgba(242, 13, 13, 1)}"	S teeplewracks  B onus T raits	"{color:rgba(242, 13, 13, 1)}"	"<ul><li>**Red Communion:*** *Once a round, an allied unit may trigger a ‘slay unit’ or ‘slay allied unit’ effect
/
on you for free.</li><li>**Slaughter Frenzy:** When an allied unit in range 1-2 is slain,another allied unit in range gains 1 strength. This effect can only trigger once a round.</li><li>**Priest of the Hue:** When an allie unit in range 1-2 is slain, summon a flock unit in a free adjacent space. This effect can only trigger once a round.</li></ul>"
1			"{outlineColor:rgba(189, 251, 0, 1)}"	H ellminth  B onus T raits	"{color:rgba(189, 251, 0, 1)}"	"<ul><li>**Revelation:*** *When an adjacent ally evolves, they gain 1 vitality.</li><li>**Tyrant Ruler:** Blood of the Worm gods grants +2 HP and 2 SOUL instead if there are no other allied units alive.</li><li>**Talons of Hell:** At round 4+, Black Talon deals +1 base damage and obliterates units it slays.</li></ul>"
1			"{outlineColor:rgba(13, 121, 242, 1)}"	V olvadani  B onus T raits	"{color:rgba(13, 121, 242, 1)}"	"<ul><li>**Iron Tithe:** Once a round, gain 1 SOUL when slaying a criminal with 3+ guilt.</li><li>**Fueled by Hate:** Once a round, you may use an ability at 0 burst charges as if it had 1 burst charge. If you do, you take 1 devil damage at the end of your turn. This could slay you.</li><li>**Paragon:*** *If you follow your declared law (replace the word ‘Volvadani’ with ‘enemy’ where applicable), at the end of your turn gain +1 burst charge to an ability of your choice.</li></ul>"